--
-- PostgreSQL database dump
--

-- Dumped from database version 15.1
-- Dumped by pg_dump version 15.1

-- Started on 2023-04-15 16:45:36

SET statement_timeout = 0;
SET lock_timeout = 0;
SET idle_in_transaction_session_timeout = 0;
SET client_encoding = 'UTF8';
SET standard_conforming_strings = on;
SELECT pg_catalog.set_config('search_path', '', false);
SET check_function_bodies = false;
SET xmloption = content;
SET client_min_messages = warning;
SET row_security = off;

SET default_tablespace = '';

SET default_table_access_method = heap;

--
-- TOC entry 217 (class 1259 OID 49243)
-- Name: category; Type: TABLE; Schema: public; Owner: postgres
--

CREATE TABLE public.category (
    id integer NOT NULL,
    name character varying(255)
);


ALTER TABLE public.category OWNER TO postgres;

--
-- TOC entry 216 (class 1259 OID 49242)
-- Name: category_id_seq; Type: SEQUENCE; Schema: public; Owner: postgres
--

CREATE SEQUENCE public.category_id_seq
    AS integer
    START WITH 1
    INCREMENT BY 1
    NO MINVALUE
    NO MAXVALUE
    CACHE 1;


ALTER TABLE public.category_id_seq OWNER TO postgres;

--
-- TOC entry 3383 (class 0 OID 0)
-- Dependencies: 216
-- Name: category_id_seq; Type: SEQUENCE OWNED BY; Schema: public; Owner: postgres
--

ALTER SEQUENCE public.category_id_seq OWNED BY public.category.id;


--
-- TOC entry 219 (class 1259 OID 49250)
-- Name: image; Type: TABLE; Schema: public; Owner: postgres
--

CREATE TABLE public.image (
    id integer NOT NULL,
    file_name character varying(255),
    product_id integer NOT NULL
);


ALTER TABLE public.image OWNER TO postgres;

--
-- TOC entry 218 (class 1259 OID 49249)
-- Name: image_id_seq; Type: SEQUENCE; Schema: public; Owner: postgres
--

CREATE SEQUENCE public.image_id_seq
    AS integer
    START WITH 1
    INCREMENT BY 1
    NO MINVALUE
    NO MAXVALUE
    CACHE 1;


ALTER TABLE public.image_id_seq OWNER TO postgres;

--
-- TOC entry 3384 (class 0 OID 0)
-- Dependencies: 218
-- Name: image_id_seq; Type: SEQUENCE OWNED BY; Schema: public; Owner: postgres
--

ALTER SEQUENCE public.image_id_seq OWNED BY public.image.id;


--
-- TOC entry 225 (class 1259 OID 49310)
-- Name: orders; Type: TABLE; Schema: public; Owner: postgres
--

CREATE TABLE public.orders (
    id integer NOT NULL,
    count integer NOT NULL,
    date_time timestamp(6) without time zone,
    number character varying(255),
    price real NOT NULL,
    status smallint,
    person_id integer NOT NULL,
    product_id integer NOT NULL
);


ALTER TABLE public.orders OWNER TO postgres;

--
-- TOC entry 224 (class 1259 OID 49309)
-- Name: orders_id_seq; Type: SEQUENCE; Schema: public; Owner: postgres
--

CREATE SEQUENCE public.orders_id_seq
    AS integer
    START WITH 1
    INCREMENT BY 1
    NO MINVALUE
    NO MAXVALUE
    CACHE 1;


ALTER TABLE public.orders_id_seq OWNER TO postgres;

--
-- TOC entry 3385 (class 0 OID 0)
-- Dependencies: 224
-- Name: orders_id_seq; Type: SEQUENCE OWNED BY; Schema: public; Owner: postgres
--

ALTER SEQUENCE public.orders_id_seq OWNED BY public.orders.id;


--
-- TOC entry 215 (class 1259 OID 49231)
-- Name: person; Type: TABLE; Schema: public; Owner: postgres
--

CREATE TABLE public.person (
    id integer NOT NULL,
    login character varying NOT NULL,
    password character varying NOT NULL,
    role character varying(50) NOT NULL
);


ALTER TABLE public.person OWNER TO postgres;

--
-- TOC entry 214 (class 1259 OID 49230)
-- Name: person_id_seq; Type: SEQUENCE; Schema: public; Owner: postgres
--

ALTER TABLE public.person ALTER COLUMN id ADD GENERATED BY DEFAULT AS IDENTITY (
    SEQUENCE NAME public.person_id_seq
    START WITH 1
    INCREMENT BY 1
    NO MINVALUE
    NO MAXVALUE
    CACHE 1
);


--
-- TOC entry 221 (class 1259 OID 49257)
-- Name: product; Type: TABLE; Schema: public; Owner: postgres
--

CREATE TABLE public.product (
    id integer NOT NULL,
    date_time timestamp(6) without time zone,
    description text NOT NULL,
    price real NOT NULL,
    seller character varying(255) NOT NULL,
    title text NOT NULL,
    warehouse character varying(255) NOT NULL,
    category_id integer NOT NULL,
    weight integer NOT NULL,
    CONSTRAINT product_price_check CHECK ((price >= (1)::double precision))
);


ALTER TABLE public.product OWNER TO postgres;

--
-- TOC entry 223 (class 1259 OID 49293)
-- Name: product_cart; Type: TABLE; Schema: public; Owner: postgres
--

CREATE TABLE public.product_cart (
    id integer NOT NULL,
    person_id integer,
    product_id integer
);


ALTER TABLE public.product_cart OWNER TO postgres;

--
-- TOC entry 222 (class 1259 OID 49292)
-- Name: product_cart_id_seq; Type: SEQUENCE; Schema: public; Owner: postgres
--

CREATE SEQUENCE public.product_cart_id_seq
    AS integer
    START WITH 1
    INCREMENT BY 1
    NO MINVALUE
    NO MAXVALUE
    CACHE 1;


ALTER TABLE public.product_cart_id_seq OWNER TO postgres;

--
-- TOC entry 3386 (class 0 OID 0)
-- Dependencies: 222
-- Name: product_cart_id_seq; Type: SEQUENCE OWNED BY; Schema: public; Owner: postgres
--

ALTER SEQUENCE public.product_cart_id_seq OWNED BY public.product_cart.id;


--
-- TOC entry 220 (class 1259 OID 49256)
-- Name: product_id_seq; Type: SEQUENCE; Schema: public; Owner: postgres
--

CREATE SEQUENCE public.product_id_seq
    AS integer
    START WITH 1
    INCREMENT BY 1
    NO MINVALUE
    NO MAXVALUE
    CACHE 1;


ALTER TABLE public.product_id_seq OWNER TO postgres;

--
-- TOC entry 3387 (class 0 OID 0)
-- Dependencies: 220
-- Name: product_id_seq; Type: SEQUENCE OWNED BY; Schema: public; Owner: postgres
--

ALTER SEQUENCE public.product_id_seq OWNED BY public.product.id;


--
-- TOC entry 3198 (class 2604 OID 49246)
-- Name: category id; Type: DEFAULT; Schema: public; Owner: postgres
--

ALTER TABLE ONLY public.category ALTER COLUMN id SET DEFAULT nextval('public.category_id_seq'::regclass);


--
-- TOC entry 3199 (class 2604 OID 49253)
-- Name: image id; Type: DEFAULT; Schema: public; Owner: postgres
--

ALTER TABLE ONLY public.image ALTER COLUMN id SET DEFAULT nextval('public.image_id_seq'::regclass);


--
-- TOC entry 3202 (class 2604 OID 49313)
-- Name: orders id; Type: DEFAULT; Schema: public; Owner: postgres
--

ALTER TABLE ONLY public.orders ALTER COLUMN id SET DEFAULT nextval('public.orders_id_seq'::regclass);


--
-- TOC entry 3200 (class 2604 OID 49260)
-- Name: product id; Type: DEFAULT; Schema: public; Owner: postgres
--

ALTER TABLE ONLY public.product ALTER COLUMN id SET DEFAULT nextval('public.product_id_seq'::regclass);


--
-- TOC entry 3201 (class 2604 OID 49296)
-- Name: product_cart id; Type: DEFAULT; Schema: public; Owner: postgres
--

ALTER TABLE ONLY public.product_cart ALTER COLUMN id SET DEFAULT nextval('public.product_cart_id_seq'::regclass);


--
-- TOC entry 3369 (class 0 OID 49243)
-- Dependencies: 217
-- Data for Name: category; Type: TABLE DATA; Schema: public; Owner: postgres
--

INSERT INTO public.category (id, name) VALUES (1, 'Чай');
INSERT INTO public.category (id, name) VALUES (2, 'Кофе');
INSERT INTO public.category (id, name) VALUES (3, 'Какао');
INSERT INTO public.category (id, name) VALUES (4, 'Полезный продукты');


--
-- TOC entry 3371 (class 0 OID 49250)
-- Dependencies: 219
-- Data for Name: image; Type: TABLE DATA; Schema: public; Owner: postgres
--

INSERT INTO public.image (id, file_name, product_id) VALUES (7, '0562b617-cdb0-4cc7-bb5b-56e1f2d6c11a .1.jpeg', 3);
INSERT INTO public.image (id, file_name, product_id) VALUES (8, '52da52f0-edf1-4082-99bd-25471e41cda1 .2.jpeg', 3);
INSERT INTO public.image (id, file_name, product_id) VALUES (9, '68730c66-8c14-46ff-865d-4493e8b7a511 .3.jpeg', 3);
INSERT INTO public.image (id, file_name, product_id) VALUES (10, '91c67469-18b7-4c06-8821-9c8d6ef0e2f3 .1.jpeg', 4);
INSERT INTO public.image (id, file_name, product_id) VALUES (11, 'f04e279d-a86a-4d9f-9be9-12a310b71854 .2.jpeg', 4);
INSERT INTO public.image (id, file_name, product_id) VALUES (12, 'f836a734-8fcb-4917-be3e-b11575cb7aeb .3.jpeg', 4);
INSERT INTO public.image (id, file_name, product_id) VALUES (13, 'f947365e-e468-43b2-91af-a2585168f91f .1.jpeg', 5);
INSERT INTO public.image (id, file_name, product_id) VALUES (14, 'd7bc30c7-2220-439e-a6a0-8c1eca06d55c .2.jpeg', 5);
INSERT INTO public.image (id, file_name, product_id) VALUES (15, '46a8d853-fa9e-43af-a984-adc805b7e142 .3.jpeg', 5);
INSERT INTO public.image (id, file_name, product_id) VALUES (16, '3572c978-5dd2-47fe-abbf-00370fd1dda4 .1.jpeg', 6);
INSERT INTO public.image (id, file_name, product_id) VALUES (17, '3360ca83-1886-4e24-a00e-e0e5417dffe6 .2.jpeg', 6);
INSERT INTO public.image (id, file_name, product_id) VALUES (18, '80463d22-b42a-406c-bd4e-e74e7a7fc8f2 .3.jpeg', 6);
INSERT INTO public.image (id, file_name, product_id) VALUES (19, 'e96ec2a4-45fb-4c8b-9e90-73bfa46ce28c .1.jpeg', 7);
INSERT INTO public.image (id, file_name, product_id) VALUES (20, '78bfca0d-ba70-4b86-b293-e28791fb33fa .2.jpeg', 7);
INSERT INTO public.image (id, file_name, product_id) VALUES (21, '94fb1337-5008-4027-ac2f-981be1ac1824 .3.jpeg', 7);
INSERT INTO public.image (id, file_name, product_id) VALUES (22, 'd4dd7f79-d899-470d-b71e-ef916fdd0c60 .1.jpeg', 8);
INSERT INTO public.image (id, file_name, product_id) VALUES (23, '829da1cc-b7c9-4caa-a091-2dbd5522cf99 .2.jpeg', 8);
INSERT INTO public.image (id, file_name, product_id) VALUES (24, 'c77adc76-c844-4476-b864-8e5e229fec59 .3.jpeg', 8);
INSERT INTO public.image (id, file_name, product_id) VALUES (25, 'c4bca2af-fa3f-4dfa-82fc-a3a5ab150feb .1.jpeg', 9);
INSERT INTO public.image (id, file_name, product_id) VALUES (26, 'a99cf26b-235b-4afc-a38e-76612ea2d505 .2.jpeg', 9);
INSERT INTO public.image (id, file_name, product_id) VALUES (27, 'c4f433f3-4f59-418b-8c34-5b20344a381a .3.jpeg', 9);
INSERT INTO public.image (id, file_name, product_id) VALUES (28, 'd1e0ce6b-51fb-4a40-ab87-63c41d00db41 .1.jpeg', 10);
INSERT INTO public.image (id, file_name, product_id) VALUES (29, '9f37c77e-58eb-48b4-b38b-e3895be0b91d .2.jpeg', 10);
INSERT INTO public.image (id, file_name, product_id) VALUES (30, 'ca378c58-b1ad-4045-8de2-74cd077bbf1a .3.jpeg', 10);
INSERT INTO public.image (id, file_name, product_id) VALUES (31, '1418f417-a5b3-48ed-83ff-f1eac285785d .1.jpeg', 11);
INSERT INTO public.image (id, file_name, product_id) VALUES (32, '6920bf82-c80b-49c2-8af8-5f96af174bc7 .', 11);
INSERT INTO public.image (id, file_name, product_id) VALUES (33, '56b802bf-0db9-4d0c-9e83-02c0707b7142 .', 11);
INSERT INTO public.image (id, file_name, product_id) VALUES (34, '0eeedc7b-fc1d-4230-b23a-fc29170e50f3 .1.jpeg', 12);
INSERT INTO public.image (id, file_name, product_id) VALUES (35, '9d3cc630-a158-49a3-be68-8dd88513db6c .2.jpeg', 12);
INSERT INTO public.image (id, file_name, product_id) VALUES (36, '9d5c06a8-00b2-48dc-a8ad-03c8cd1a0db1 .', 12);
INSERT INTO public.image (id, file_name, product_id) VALUES (37, '0f07dbac-230f-4be3-bb2b-50900a62a214 .1.jpeg', 13);
INSERT INTO public.image (id, file_name, product_id) VALUES (38, 'ea69f501-87c0-44f8-862b-c2d830f12dae .', 13);
INSERT INTO public.image (id, file_name, product_id) VALUES (39, 'e16fde5b-eba2-4140-9933-96aa0af0fc06 .', 13);
INSERT INTO public.image (id, file_name, product_id) VALUES (40, 'a4fd3cc4-daf2-47ec-b47f-4f0c680500d0 .3.jpeg', 14);
INSERT INTO public.image (id, file_name, product_id) VALUES (41, '19166552-eccc-4e5c-b341-e82d4b97be90 .', 14);
INSERT INTO public.image (id, file_name, product_id) VALUES (42, '022756ee-aac4-4345-8cd0-288f3d274bbd .', 14);
INSERT INTO public.image (id, file_name, product_id) VALUES (43, '86bbc5ae-26f5-47dc-8243-22303c0bba18 .1.jpeg', 15);
INSERT INTO public.image (id, file_name, product_id) VALUES (44, '9fcb1075-d8ae-41ea-ac16-7a9def2bc7a8 .2.jpeg', 15);
INSERT INTO public.image (id, file_name, product_id) VALUES (45, 'b08cfef8-1761-4850-9d88-2db9eafdee55 .3.jpeg', 15);
INSERT INTO public.image (id, file_name, product_id) VALUES (46, 'c421c9da-b94f-499e-ac75-27a5c6605b7c .1.jpeg', 16);
INSERT INTO public.image (id, file_name, product_id) VALUES (47, '772542a2-c6c2-46da-9c52-fb347d6fc7d8 .2.jpeg', 16);
INSERT INTO public.image (id, file_name, product_id) VALUES (48, '67c5592c-32bb-47f4-af67-433929a50765 .3.jpeg', 16);
INSERT INTO public.image (id, file_name, product_id) VALUES (49, 'bf7a1208-a60d-4856-b312-e8b373257b72 .1.jpeg', 17);
INSERT INTO public.image (id, file_name, product_id) VALUES (50, '7d8fa2a4-277e-4673-b381-44a1c67101e5 .2.jpeg', 17);
INSERT INTO public.image (id, file_name, product_id) VALUES (51, 'aa3439d1-751f-445d-9164-6496dbcf1c48 .', 17);
INSERT INTO public.image (id, file_name, product_id) VALUES (52, 'fbb64984-991c-4971-bc02-06b65f1176e7 .1.jpeg', 18);
INSERT INTO public.image (id, file_name, product_id) VALUES (53, '3aceb585-c905-4abf-b657-37c09ea9b6dd .2.jpeg', 18);
INSERT INTO public.image (id, file_name, product_id) VALUES (54, '19a1c2b7-5c26-445f-b787-66a4fca1ff03 .3.jpeg', 18);


--
-- TOC entry 3377 (class 0 OID 49310)
-- Dependencies: 225
-- Data for Name: orders; Type: TABLE DATA; Schema: public; Owner: postgres
--

INSERT INTO public.orders (id, count, date_time, number, price, status, person_id, product_id) VALUES (1, 1, '2023-04-09 15:32:22.521339', '3aa1d95e-17d5-4b90-b88f-c7ad14d9a7c5', 280, 1, 11, 5);
INSERT INTO public.orders (id, count, date_time, number, price, status, person_id, product_id) VALUES (2, 1, '2023-04-09 15:32:22.55922', '3aa1d95e-17d5-4b90-b88f-c7ad14d9a7c5', 280, 1, 11, 5);
INSERT INTO public.orders (id, count, date_time, number, price, status, person_id, product_id) VALUES (3, 1, '2023-04-09 15:40:04.204514', 'a2abf483-5ae5-4a40-9de5-ef42cbc2e52c', 641, 1, 11, 8);
INSERT INTO public.orders (id, count, date_time, number, price, status, person_id, product_id) VALUES (4, 1, '2023-04-09 15:40:04.22486', 'a2abf483-5ae5-4a40-9de5-ef42cbc2e52c', 498, 1, 11, 10);
INSERT INTO public.orders (id, count, date_time, number, price, status, person_id, product_id) VALUES (5, 1, '2023-04-09 15:40:04.231787', 'a2abf483-5ae5-4a40-9de5-ef42cbc2e52c', 99, 1, 11, 4);
INSERT INTO public.orders (id, count, date_time, number, price, status, person_id, product_id) VALUES (6, 1, '2023-04-11 14:23:11.804867', '1618f455-a358-46e5-9407-f6ea931d64ea', 449, 1, 11, 3);
INSERT INTO public.orders (id, count, date_time, number, price, status, person_id, product_id) VALUES (7, 1, '2023-04-11 14:35:11.844506', '7df1f64d-7eb4-4e91-ae09-15dc07b5b075', 99, 1, 12, 4);
INSERT INTO public.orders (id, count, date_time, number, price, status, person_id, product_id) VALUES (8, 1, '2023-04-12 11:41:53.858526', '8171e635-f339-41cc-92f6-bc5cfa60824a', 280, 1, 11, 5);
INSERT INTO public.orders (id, count, date_time, number, price, status, person_id, product_id) VALUES (9, 1, '2023-04-13 12:48:26.53274', 'aa02e50b-3427-4314-bfce-343f164c2b01', 99, 0, 11, 4);


--
-- TOC entry 3367 (class 0 OID 49231)
-- Dependencies: 215
-- Data for Name: person; Type: TABLE DATA; Schema: public; Owner: postgres
--

INSERT INTO public.person (id, login, password, role) VALUES (10, 'admin', '$2a$10$5N94rb6cGor1DykPYOWyj.bH1rQTHkPFCHZZdKQA3AcUqAG3MkoNe', 'ROLE_ADMIN');
INSERT INTO public.person (id, login, password, role) VALUES (11, 'user1', '$2a$10$kCRoL80giJUWvMWSz8PSjuX3HIaaI/RlhCWpJxJGUR57EKDFV9geW', 'ROLE_USER');
INSERT INTO public.person (id, login, password, role) VALUES (12, 'user2', '$2a$10$LFkUUFESWIUYbS7SP8oOI.gMMnje5ANT.KshJ4gyOnFLVheTdElBu', 'ROLE_USER');


--
-- TOC entry 3373 (class 0 OID 49257)
-- Dependencies: 221
-- Data for Name: product; Type: TABLE DATA; Schema: public; Owner: postgres
--

INSERT INTO public.product (id, date_time, description, price, seller, title, warehouse, category_id, weight) VALUES (4, NULL, 'Натуральная сушеная мята (марокканский сорт Нана) крупной резки. Дает прекрасный настой с ярким ароматом, который отличается от аромата перечной мяты. Он более благородный, насыщенный, нет ощущения переизбытка "ментола".
Рекомендуем использовать как в качестве добавки для чая, так и в виде самостоятельного напитка.
Крупный лист и очень яркий аромат!
Способ приготовления
1-2 чайные ложки на 200-300 мл воды. Заваривать кипятком, по вкусу от 2 до 5 минут.
Это интересно
Полезные свойства:снимает спазмы,обладает успокаивающим,седативным эффектом,успокаивает желудок,при добавлении к чаю снижает тонизирующее действие последнего.
Характеристики
Состав листья мяты сушеные.
Сахар без сахара
Ароматизатор без ароматизатора
Форма выпуска рассыпной
Бренд 101 ЧАЙ
Ширина упаковки, см 5
Длина упаковки, см 3
Высота упаковки, см 15
Срок годности, мес. 24
Вес нетто, г 25
Страна происхождения Иран
', 99, 'Чайный домик
', 'Чай Марокканская мята', 'Пятигорск', 1, 50);
INSERT INTO public.product (id, date_time, description, price, seller, title, warehouse, category_id, weight) VALUES (5, '2023-04-08 17:17:59.577753', 'Черный чай с высокогорных плантаций острова Цейлон, отличающийся насыщенной терпкостью. Яркое солнце наделило листья этого чая большим количеством полезнейших веществ – различными витаминами и микроэлементами, которые благотворно влияют на организм. «Красный слон» отлично тонизирует, нормализует пищеварение, давление и обмен веществ.
Способ приготовления
4 г чая на 250 мл горячей воды 95°С, заваривать в течении 2-4 минут. По возможности используйте мягкую фильтрованную воду.
Вкус и аромат
Настой от светло до темно-коричневого. Вкус средней крепости, с нотами цветов, в меру терпкий. Послевкусие сладковатое. Аромат легкий, цветочный, с пряными оттенками.
Характеристики
Состав чай черный
Сахар без сахара
Ароматизатор без ароматизатора
Форма выпуска рассыпной
Ферментация сильная
Бренд 101 ЧАЙ
Ширина упаковки, см 7
Длина упаковки, см 4
Высота упаковки, см 17
Срок годности, мес. 24
Вес нетто, г 100
Страна происхождения Цейлон (Шри-Ланка)
', 280, 'Чайный домик', 'Черный чай Цейлон Пекое (Красный слон)', 'Пятигорск', 1, 100);
INSERT INTO public.product (id, date_time, description, price, seller, title, warehouse, category_id, weight) VALUES (6, '2023-04-08 17:19:06.512588', 'Чай премиального качества с летним ягодным ароматом, терпким сладким вкусом и массой полезных свойств - брусника богата витамином С, ежевика - калием и магнием, а календула помогает справиться со стрессом.
Способ приготовления
3-4 г чая на 250 мл горячей воды 95°С, заваривать в течении 2-3 минут.
Характеристики
Состав чёрный чай, ягоды брусники, черноплодной рябины, ежевики, лепестки календулы, василька, брусничный лист, ароматизатор, идентичный натуральному.
Сахар без сахара
Ароматизатор с ароматизатором
Форма выпуска рассыпной
Бренд 101 ЧАЙ
Ширина упаковки, см 7
Длина упаковки, см 4
Высота упаковки, см 17
Срок годности, мес. 36
Вес нетто, г 50
Страна производства Россия
', 321, 'Чайный домик', 'Черный чай Таежный сбор', 'Пятигорск', 1, 50);
INSERT INTO public.product (id, date_time, description, price, seller, title, warehouse, category_id, weight) VALUES (7, '2023-04-08 17:20:34.146516', 'Кофе в зернах Бразилия Basic, 250 г
Описание: Зерновой кофе Бразилия Basic для повседневного употребления.
Бразилия Basic – 100% Арабика, универсальная для приготовления разными способами и идеальным балансом во вкусе. Секрет в одних из самых благоприятных условий выращивания кофе в Бразилии. Кофейные плантации находятся на плоских равнинах высотой от 800 метров над уровнем моря. Умеренный тропический климат и почва, обогащенная органическими удобрениями.
Благодаря плоскогорному ландшафту ягоды созревают одновременно. Их собирают на пике зрелости и сортируют, а после отправляют сушиться на открытом воздухе в течение 3 недель. За время сушки кофейные ягоды раскрывают свой потенциал.
Плотность: 8/10
Сладость: 6/10
Кислотность: 4/10
Обжарка: средняя
Вкус и аромат
Во вкусе легкие нотки темного шоколада и карамели. Аромат с нотками грецкого ореха и фундука. Тело средней интенсивности и высокая плотность. Умеренная кислотность, отсутствие горчинки.
Характеристики
Состав 100% бразильская арабика
Сахар без сахара
Ароматизатор без ароматизатора
Форма выпуска в зернах
Вид зёрен арабика 100%
Бренд 33 Вкуса
Ширина упаковки, см 12
Длина упаковки, см 19
Высота упаковки, см 6
Срок годности, мес. 12
Вес нетто, г 250
Страна происхождения Бразилия
Страна производства Россия
', 497, 'Чайный домик', 'Кофе в зернах Бразилия Basic, 250 г', 'Москва', 2, 250);
INSERT INTO public.product (id, date_time, description, price, seller, title, warehouse, category_id, weight) VALUES (8, '2023-04-08 17:21:37.146295', 'Кофе в зернах Гондурас Сан Маркос, 250 г
Описание: Зерновой кофе Гондурас Сан Маркос плотный сбалансированный кофе.
Гондурас Сан Маркос обладает плотным сбалансированный вкусом и идеально подходит для любого способо приготовления. Традиционно этот сорт выращивают в регионе Копан с конца 19 века. Кофе получил название благодаря муниципалитету Сан-Маркос, который находится недалеко от границы с Сальвадором.
Кофейные плантации занимают площадь 12.5 тыс.гектар, и представляют из себя множество мелких ферм. Деревья растут на высоте от 1300 метров над уровнем моря. Из-за стабильной температуры (12 градусов ночью и 22 градусов днем) и обильных осадков (около 2000 мл в год), ягоды созревают медленно и равномерно, насыщаясь питательными веществами из почв, богатых калием и фосфором. Кофейные деревья находятся в тени под кронами плодовых деревьев и инги.
Обработка урожая осуществляется вручную: фермеры собирают и депульпируют ягоды, отделяют клейковину в период ферментации, сушат и сортируют. Сорт Гондурас Сан Маркос – регулярный призер конкурса Cup of Excellence.
Плотность: 7/10
Сладость: 8/10
Кислотность: 5/10
Обжарка: средняя
Вкус и аромат
Обволакивающий вкус с нотками какао и шоколада. Легкий аромат с легкими нотками табака и орехов. Высокая плотность и минимальная кислинка.
Характеристики
Состав 100% арабика сорта Гондурас Сан Маркос
Сахар без сахара
Ароматизатор без ароматизатора
Форма выпуска в зернах
Вид зёрен арабика 100%
Бренд 33 Вкуса
Ширина упаковки, см 12
Длина упаковки, см 19
Высота упаковки, см 6
Срок годности, мес. 12
Вес нетто, г 250
Страна происхождения Гондурас
Страна производства Россия
', 641, 'Чайный домик', 'Кофе в зернах Гондурас Сан Маркос, 250 г', 'Москва', 2, 250);
INSERT INTO public.product (id, date_time, description, price, seller, title, warehouse, category_id, weight) VALUES (9, '2023-04-08 17:22:21.57172', 'Ароматный бленд из двух видов кофейных зёрен - 50% арабики и 50% робусты.
Плотность: 9/10
Сладость: 5/10
Кислотность: 3/10
Обжарка: средняя
Этот бленд должен понравиться поклонникам кофе Lavazza.
Вкус и аромат
Тонкий вкус, с нотками шоколада и черники. Нежный аромат с нотками орехов. Гладкое тело, средняя кислотность.
Это интересно
Как почувствовать "правильный" вкус кофе?

Многие даже не представляют на сколько вкус кофе зависит от степени помола зёрен. Чем мельче помол, тем сильнее экстракция эфирных масел, тем крепче кажется кофе. Но в какой то момент кофе становится слишком горьким и появляется ощущение его "пережаренности". Это знак того, что нужно использовать более крупный помол.

Обязательно попробуйте подобрать оптимальную степень помола зерен для конкретного сорта кофе и вы почувствуете весь букет его вкуса.
Характеристики
Состав кофе в зернах обжаренный 50% арабика, 50% робуста.
Сахар без сахара
Ароматизатор без ароматизатора
Форма выпуска в зернах
Вид зёрен арабика + робуста
Бренд 33 Вкуса
Ширина упаковки, см 12
Длина упаковки, см 19
Высота упаковки, см 6
Срок годности, мес. 12
Вес нетто, г 250
Страна происхождения Бразилия
Страна производства Россия
', 482, 'Чайный домик', 'Кофе в зернах Эспрессо Вендинг, 250 г', 'Москва', 2, 250);
INSERT INTO public.product (id, date_time, description, price, seller, title, warehouse, category_id, weight) VALUES (10, '2023-04-08 17:23:21.341007', 'Ароматный бленд из двух видов кофейных зёрен - 80% арабики и 20% робусты.
Плотность: 8/10
Сладость: 5/10
Кислотность: 4/10
Обжарка: средняя
Вкус и аромат
Тонкий вкус, с нотками шоколада и черники. Нежный аромат с нотками орехов. Гладкое тело, средняя кислотность.
Характеристики
Состав кофе в зернах обжаренный 80% арабика, 20% робуста.
Сахар без сахара
Ароматизатор без ароматизатора
Форма выпуска в зернах
Вид зёрен арабика + робуста
Бренд 33 Вкуса
Ширина упаковки, см 12
Длина упаковки, см 19
Высота упаковки, см 6
Срок годности, мес. 12
Вес нетто, г 250
Страна происхождения Бразилия
Страна производства Россия
', 498, 'Чайный домик
', 'Кофе в зернах Эспрессо Парето, 250 г', 'Москва', 2, 250);
INSERT INTO public.product (id, date_time, description, price, seller, title, warehouse, category_id, weight) VALUES (11, '2023-04-08 17:25:53.088601', 'Быстрорастворимый шоколад. Карраро Оланденсино – это горячий шоколад, цветочный вкус которого ни с чем не перепутать. Чашка горячего шоколада – прекрасное наслаждение особенно в холодную пору.
Характеристики
Состав крахмал кукурузный 3%, соль 2%, сахар 60%, ваниль 5%, какао 30%.
Сахар с сахаром
Ароматизатор с ароматизатором
Бренд Carraro
Ширина упаковки, см 7
Длина упаковки, см 15
Высота упаковки, см 3.5
Срок годности, мес. 36
Вес нетто, г 250
Страна происхождения Италия
Страна производства Италия
Условия хранения Хранить в сухом прохладном месте при относительной влажности воздуха не выше 70%, в плотно закрытой упаковке, отдельно от остропахнущих продуктов.
', 686, 'Чайный домик', 'Какао растворимое, Carraro Cacao Olandesino, 250 г', 'Ростов', 3, 250);
INSERT INTO public.product (id, date_time, description, price, seller, title, warehouse, category_id, weight) VALUES (12, '2023-04-08 17:26:37.74163', 'Растворимый какао-порошок с добавлением сахара . Для приготовления напитков .
Характеристики
Состав крахмал кукурузный 3%, соль 2%, сахар 60%, ваниль 5%, какао 30%.
Сахар с сахаром
Ароматизатор с ароматизатором
Бренд Carraro
Ширина упаковки, см 8
Длина упаковки, см 22
Высота упаковки, см 3.5
Срок годности, мес. 36
Вес нетто, г 250
Страна происхождения Италия
Страна производства Италия
Условия хранения Хранить в сухом прохладном месте при относительной влажности воздуха не выше 70%, в плотно закрытой упаковке, отдельно от остропахнущих продуктов.
', 592, 'Чайный домик', 'Какао растворимое в саше, Carraro Cacao Olandesino, 25 г х 10 саше', 'Ростов', 3, 250);
INSERT INTO public.product (id, date_time, description, price, seller, title, warehouse, category_id, weight) VALUES (13, '2023-04-08 17:27:15.181906', 'Carraro Cacao Amaro - вкуснейшее растворимое какао без сахара в составе. Позвольте себе кружку горячего шоколада зимним морозным вечером или приготовьте шоколадный брауни с Carraro Cacao Amaro.
Способ приготовления
2 ложки напитка (25 г) залить 1 стаканом (110 мл) молока или воды, размешать до однородной массы, довести до кипения на медленном огне.
Характеристики
Состав какао порошок (минимум 20% какао-масла)
Сахар без сахара
Ароматизатор без ароматизатора
Форма выпуска растворимый
Бренд Carraro
Ширина упаковки, см 10
Длина упаковки, см 27
Высота упаковки, см 3
Срок годности, мес. 24
Вес нетто, г 500
Страна происхождения Италия
Страна производства Италия
Условия хранения Хранить при температуре не выше +25ºС и относительной влажности воздуха не более 75%.
', 987, 'Чайный домик', 'Какао растворимое, Carraro Cacao Amaro, 500 г', 'Ростов', 3, 500);
INSERT INTO public.product (id, date_time, description, price, seller, title, warehouse, category_id, weight) VALUES (14, '2023-04-08 17:27:56.803038', 'Классическая смесь лучших сортов какао бобов. Обладает насыщенным вкусом и ароматом.
Способ приготовления
Для приготовления одной порции растворить одну мерную ложку продукта (25/30 г) в 120 мл молока и доведите до кипения, пока он (продукт) не достигнет желаемой консистенции. Для приготовления в шоколад-машине растворить содержимое в 4 литрах молока, а затем влить его в шоколад-машину. Никогда не устанавливайте термостат на температуру ниже 75°С, чтобы избежать скисания молока.
Характеристики
Состав какао пониженной жирности (25%), сахар, крахмал кукурузный, антислеживатель, соль
Сахар с сахаром
Ароматизатор без ароматизатора
Форма выпуска растворимый
Бренд Costadoro
Ширина упаковки, см 14
Длина упаковки, см 28
Высота упаковки, см 3
Срок годности, мес. 36
Вес нетто, г 1000
Страна происхождения Италия
Страна производства Италия
Условия хранения Хранить в сухом прохладном месте при относительной влажности воздуха не выше 70%, в плотно закрытой упаковке, отдельно от остропахнущих продуктов.
', 2149, 'Чайный домик
', 'Какао COSTADORO LA CIOCCOLATA CLASSICA, 1000 г', 'Ростов', 3, 1000);
INSERT INTO public.product (id, date_time, description, price, seller, title, warehouse, category_id, weight) VALUES (15, '2023-04-08 17:28:56.917072', 'Часто самостоятельно искать приправы для глинтвейна нет времени и не очень удобно. Гораздо удобнее купить смесь для глинтвейна, тогда не придётся тратить время и силы на поиски качественных ингредиентов для неё. Эта готовая смесь специй для глинтвейна отличный вариант. Она состоит исключительно из натуральных пряностей - без ароматизаторов и усилителей вкуса. Из неё можно получить классический европейский глинтвейн, отличающийся ярким ароматом и мягким терпким вкусом.
Это интересно
Рецепт новогоднего глинтвейна:
200 мл воды
0,75 л красного сухого (или полусладкого) вина
2 столовые ложки смеси для глинтвейна
6 столовых ложек сахара или мёда
2 столовые ложки смеси для глинтвейна залить 200 мл воды, добавить сахар или мёд, тщательно перемешать. Полученную смесь довести до кипения и варить на малом огне 1-2 минуты. После этого добавить вино и продолжить нагревать по появления пара, но не доводя до кипения.
Характеристики
Состав корица, цедра апельсина, душистый перец, гвоздика, бадьян, кардамон.
Сахар без сахара
Ароматизатор без ароматизатора
Форма выпуска рассыпной
Бренд 101 ЧАЙ
Ширина упаковки, см 5
Длина упаковки, см 3
Высота упаковки, см 15
Срок годности, мес. 24
Вес нетто, г 25
Страна производства Россия', 136, 'Чайный домик
', 'Смесь для глинтвейна', 'Кисловодск', 4, 25);
INSERT INTO public.product (id, date_time, description, price, seller, title, warehouse, category_id, weight) VALUES (16, '2023-04-08 17:29:55.275572', 'Семена Чиа-натуральный, готовый к употреблению продукт.
Семена Чиа не содержат глютен и имеют нейтральный вкус, что позволяет добавлять их в любые повседневные продукты: соки, йогурты, каши, салаты, десерты и т. Д. Наиболее полезно употреблять их в натуральном виде, не подвергая термической обработке.
Семена Чиа оказывают общеукрепляющее действие на всю иммунную систему организма. Благодаря высокому содержанию клетчатки, семена Чиа способствуют улучшению работы пищеварительной системы и выделению токсинов. Являясь богатым источником жирных кислот омега-3 и омега-6, они снижают риск заболевания сердечнососудистой системы.
Суточная норма потребления семян чиа составляет 15-40 г.
Характеристики
Бренд 101 ЧАЙ
Ширина упаковки, см 13.5
Длина упаковки, см 8
Высота упаковки, см 20
', 253, 'Чайный  домик
', 'Семена Чиа (дой-пак), 150 г', 'Кисловодск', 4, 150);
INSERT INTO public.product (id, date_time, description, price, seller, title, warehouse, category_id, weight) VALUES (17, '2023-04-08 17:30:46.840989', 'Изготавливается сушеный кэроб из стручков рожкового дерева, которое растет исключительно в Средиземноморье.
Преимущества кэроба:
Богат витаминами и минеральными веществами;
Не содержит кофеин;
Низкий гликемический индекс;
Улучшает пищеварение;
Оказывает антиоксидантное действие;
Подходит как взрослым, так и детям.
Способ употребления: подходит как добавка для травяного чая, можно употреблять в сыром виде, предварительно промыв. Также можно измельчить кэроб в порошок и использовать для приготовления шоколада и напитков. Неизмельченный кэроб можно добавить в кашу вместо мюслей.
На 100 грамм продукта:
Энергетическая ценность: 234 кКал;
Белки: 4%;
Жиры: 1%;
Углеводы: 44%;
Клетчатка: 11%.
Это интересно
Именно от слова "кэроб" произошло такое понятие, как "карат", использующееся в ювелирном деле. Все дело в том, что каждый плод в стручке рожкового дерева весит ровно 0,19 грамм. <br>
Характеристики
Бренд 101 ЧАЙ
Ширина упаковки, см 7
Длина упаковки, см 4
Высота упаковки, см 17
', 165, 'Чайный домик', 'Кэроб измельченный 4-8 мм', 'Кисловодск', 1, 100);
INSERT INTO public.product (id, date_time, description, price, seller, title, warehouse, category_id, weight) VALUES (18, '2023-04-08 17:31:36.920907', 'Ягоды Годжи являются отличным источником таких веществ, как аминокислоты, антиоксиданты, витамины и минералы. В состав ягод входит в общей сложности более 20 витаминов! Сублимат ягод годжи идеально подходит для коктейлей, добавление в йогурт, любые десерты, соки.
Рекомендуемая порция - 9 грамм.
Полезные свойства:
Продлевают молодость и омолаживают кожу;
Успокаивают нервную систему, помогают концентрации;
Помогают избавиться от лишнего веса;
Улучшают сексуальную активность;
Снижают риск возникновения раковых опухолей и сердечно-сосудистых заболеваний.
Характеристики
Бренд 101 ЧАЙ
Ширина упаковки, см 5
Длина упаковки, см 3
Высота упаковки, см 15
', 171, 'Чайный домик', 'Сублимат Ягод Годжи', 'Кисловодск', 4, 25);
INSERT INTO public.product (id, date_time, description, price, seller, title, warehouse, category_id, weight) VALUES (3, NULL, 'Слабоферментированный молочный улун. 
 Способ приготовления
1. Обычное заваривание: 4 г чая на 250 мл горячей воды 75-80°С, заваривать в течении 2-4 минут.
2. Заваривание проливами: температура воды 75-80°С, вес из расчета 1 г чайных листьев на 30-50 мл воды. Первая заварка 5-10 секунд, её необходимо слить и дать чайным листьям раскрыться в течении 30-60 секунд. Вторая заварка 10 секунд, к каждой последующей прибавляем по 5-10 секунд.
Вкус и аромат
Настой золотистого цвета. Вкус нежный, с молочными и карамельными тонами, с легкой кислинкой в послевкусии. Аромат с нотками цветов и топленого молока.
Характеристики
Состав китайский чай улун, ароматизатор пищевой.Сахар без сахара Ароматизатор с ароматизатором
Форма выпуска рассыпной
Ферментация средняя 
Бренд 101 ЧАЙ
Ширина упаковки, см 7
Длина упаковки, см 4
Высота упаковки, см 17
Срок годности, мес. 24
Страна производства Китай
', 449, 'Чайный домик
', ' Чай Улун Най Сян Цзинь Сюань (Молочный улун) кат. B', 'Пятигорск', 1, 50);


--
-- TOC entry 3375 (class 0 OID 49293)
-- Dependencies: 223
-- Data for Name: product_cart; Type: TABLE DATA; Schema: public; Owner: postgres
--



--
-- TOC entry 3388 (class 0 OID 0)
-- Dependencies: 216
-- Name: category_id_seq; Type: SEQUENCE SET; Schema: public; Owner: postgres
--

SELECT pg_catalog.setval('public.category_id_seq', 4, true);


--
-- TOC entry 3389 (class 0 OID 0)
-- Dependencies: 218
-- Name: image_id_seq; Type: SEQUENCE SET; Schema: public; Owner: postgres
--

SELECT pg_catalog.setval('public.image_id_seq', 54, true);


--
-- TOC entry 3390 (class 0 OID 0)
-- Dependencies: 224
-- Name: orders_id_seq; Type: SEQUENCE SET; Schema: public; Owner: postgres
--

SELECT pg_catalog.setval('public.orders_id_seq', 9, true);


--
-- TOC entry 3391 (class 0 OID 0)
-- Dependencies: 214
-- Name: person_id_seq; Type: SEQUENCE SET; Schema: public; Owner: postgres
--

SELECT pg_catalog.setval('public.person_id_seq', 12, true);


--
-- TOC entry 3392 (class 0 OID 0)
-- Dependencies: 222
-- Name: product_cart_id_seq; Type: SEQUENCE SET; Schema: public; Owner: postgres
--

SELECT pg_catalog.setval('public.product_cart_id_seq', 18, true);


--
-- TOC entry 3393 (class 0 OID 0)
-- Dependencies: 220
-- Name: product_id_seq; Type: SEQUENCE SET; Schema: public; Owner: postgres
--

SELECT pg_catalog.setval('public.product_id_seq', 18, true);


--
-- TOC entry 3207 (class 2606 OID 49248)
-- Name: category category_pkey; Type: CONSTRAINT; Schema: public; Owner: postgres
--

ALTER TABLE ONLY public.category
    ADD CONSTRAINT category_pkey PRIMARY KEY (id);


--
-- TOC entry 3209 (class 2606 OID 49255)
-- Name: image image_pkey; Type: CONSTRAINT; Schema: public; Owner: postgres
--

ALTER TABLE ONLY public.image
    ADD CONSTRAINT image_pkey PRIMARY KEY (id);


--
-- TOC entry 3217 (class 2606 OID 49315)
-- Name: orders orders_pkey; Type: CONSTRAINT; Schema: public; Owner: postgres
--

ALTER TABLE ONLY public.orders
    ADD CONSTRAINT orders_pkey PRIMARY KEY (id);


--
-- TOC entry 3205 (class 2606 OID 49237)
-- Name: person person_pkey; Type: CONSTRAINT; Schema: public; Owner: postgres
--

ALTER TABLE ONLY public.person
    ADD CONSTRAINT person_pkey PRIMARY KEY (id);


--
-- TOC entry 3215 (class 2606 OID 49298)
-- Name: product_cart product_cart_pkey; Type: CONSTRAINT; Schema: public; Owner: postgres
--

ALTER TABLE ONLY public.product_cart
    ADD CONSTRAINT product_cart_pkey PRIMARY KEY (id);


--
-- TOC entry 3211 (class 2606 OID 49265)
-- Name: product product_pkey; Type: CONSTRAINT; Schema: public; Owner: postgres
--

ALTER TABLE ONLY public.product
    ADD CONSTRAINT product_pkey PRIMARY KEY (id);


--
-- TOC entry 3213 (class 2606 OID 49267)
-- Name: product uk_qka6vxqdy1dprtqnx9trdd47c; Type: CONSTRAINT; Schema: public; Owner: postgres
--

ALTER TABLE ONLY public.product
    ADD CONSTRAINT uk_qka6vxqdy1dprtqnx9trdd47c UNIQUE (title);


--
-- TOC entry 3222 (class 2606 OID 49316)
-- Name: orders fk1b0m4muwx1t377w9if3w6wwqn; Type: FK CONSTRAINT; Schema: public; Owner: postgres
--

ALTER TABLE ONLY public.orders
    ADD CONSTRAINT fk1b0m4muwx1t377w9if3w6wwqn FOREIGN KEY (person_id) REFERENCES public.person(id);


--
-- TOC entry 3219 (class 2606 OID 49273)
-- Name: product fk1mtsbur82frn64de7balymq9s; Type: FK CONSTRAINT; Schema: public; Owner: postgres
--

ALTER TABLE ONLY public.product
    ADD CONSTRAINT fk1mtsbur82frn64de7balymq9s FOREIGN KEY (category_id) REFERENCES public.category(id);


--
-- TOC entry 3223 (class 2606 OID 49321)
-- Name: orders fk787ibr3guwp6xobrpbofnv7le; Type: FK CONSTRAINT; Schema: public; Owner: postgres
--

ALTER TABLE ONLY public.orders
    ADD CONSTRAINT fk787ibr3guwp6xobrpbofnv7le FOREIGN KEY (product_id) REFERENCES public.product(id);


--
-- TOC entry 3218 (class 2606 OID 49268)
-- Name: image fkgpextbyee3uk9u6o2381m7ft1; Type: FK CONSTRAINT; Schema: public; Owner: postgres
--

ALTER TABLE ONLY public.image
    ADD CONSTRAINT fkgpextbyee3uk9u6o2381m7ft1 FOREIGN KEY (product_id) REFERENCES public.product(id);


--
-- TOC entry 3220 (class 2606 OID 49304)
-- Name: product_cart fkhpnrxdy3jhujameyod08ilvvw; Type: FK CONSTRAINT; Schema: public; Owner: postgres
--

ALTER TABLE ONLY public.product_cart
    ADD CONSTRAINT fkhpnrxdy3jhujameyod08ilvvw FOREIGN KEY (product_id) REFERENCES public.product(id);


--
-- TOC entry 3221 (class 2606 OID 49299)
-- Name: product_cart fksgnkc1ko2i1o9yr2p63ysq3rn; Type: FK CONSTRAINT; Schema: public; Owner: postgres
--

ALTER TABLE ONLY public.product_cart
    ADD CONSTRAINT fksgnkc1ko2i1o9yr2p63ysq3rn FOREIGN KEY (person_id) REFERENCES public.person(id);


-- Completed on 2023-04-15 16:45:36

--
-- PostgreSQL database dump complete
--

